Misspelling,RealWord,pyspellchecker_correction,textblob_correction,aspell_correction,bert_correction
Austrailia,Australia,australia,Australia,Australia,latin
Carribean,Caribbean,,Carribean,Caribbean,english
Checkoslovakia,Czechoslovakia,,Checkoslovakia,Slovakia,[UNK]
Conneticut,Connecticut,,Connecticut,Connecticut,english
Euclidian,Euclidean,Euclidian,Euclidian,Euclidean,greek
Febewary,February,,Febewary,February,[UNK]
Kwanza,Kwanzaa,Kwanza,Stanza,Kwanzaa,[UNK]
Parmisian,Parmesan,partisan,Parisian,Parisian,[UNK]
Presbaterian,Presbyterian,presbyterian,Presbaterian,Presbyterian,english
Tootonic,Teutonic,tectonic,Tootonic,Teutonic,missing
Tusday,Tuesday,today,Sunday,Tuesday,[UNK]
Wendsday,Wednesday,,Wendsday,Wends day,[UNK]
Wisconson,Wisconsin,,Wisconsin,Wisconsin,[UNK]
abanden,abandon,abandon,abandon,abandon,[UNK]
abiss,abyss,abyss,amiss,abyss,ab
abizmal,abysmal,animal,animal,abysmal,[UNK]
abriviate,abbreviate,abbreviate,abriviate,abbreviate,omitted
abscound,abscond,abscond,abound,abscond,omitted
absorbant,absorbent,absorbant,absorbent,absorbent,[UNK]
absorbtion,absorption,absorption,absorption,absorption,omitted
abstanence,abstinence,abstinence,abstanence,abstinence,[UNK]
abundence,abundance,abundance,abundance,abundance,omitted
abundent,abundant,abundant,abundant,abundant,omitted
acatemy,academy,academy,academy,academy,[UNK]
acceptence,acceptance,acceptance,acceptance,acceptance,unknown
acceptible,acceptable,acceptable,acceptable,acceptable,unknown
acceptibly,acceptably,acceptably,acceptable,acceptably,missing
accessable,accessible,accessible,accessible,accessible,used
accessment,assessment,assessment,assessment,assessment,access
accidently,accidentally,accidently,accidently,accidental,missing
accomadate,accommodate,accommodate,accommodate,accommodate,unknown
accomodate,accommodate,accommodate,accommodate,accommodate,unknown
accross,across,across,across,across,[UNK]
accually,actually,actually,actually,actually,[UNK]
acheeve,achieve,achieve,achieve,achieve,[UNK]
acknowledgement,acknowledgment,acknowledgement,acknowledgment,acknowledgement,acknowledge
acommodate,accommodate,accommodate,accommodate,accommodate,correct
acoostic,acoustic,acoustic,acoostic,acoustic,correct
acordian,accordion,accordion,cordial,accordion,latin
acqueus,aqueous,aqueous,jacques,aqueous,latin
acquiess,acquiesce,acquires,acquiesce,acquiesce,correct
acrost,across,across,across,accost,[UNK]
acryllic,acrylic,acrylic,acryllic,acrylic,used
acter,actor,after,after,acuter,r
adament,adamant,adamant,adamant,adamant,adam
adaquit,adequate,acquit,adaquit,acquit,[UNK]
adew,adieu,dew,dew,dew,[UNK]
adheasive,adhesive,adhesive,adhesive,adhesive,unknown
adjacancy,adjacency,adjacency,adjacancy,adjacency,[UNK]
adjasant,adjacent,adjacent,adjutant,adjacent,omitted
adjatate,agitate,,adjatate,adjutant,[UNK]
adjative,adjective,adoptive,adjective,adaptive,[UNK]
adolecent,adolescent,adolescent,adolescent,adolescent,correct
adventagous,advantageous,adventurous,advantageous,advantageous,[UNK]
advesary,adversary,adversary,adversary,adversary,[UNK]
afficianado,aficionado,aficionado,afficianado,aficionado,used
afterwords,afterwards,afterwords,afterwards,afterwords,used
aggenst,against,against,against,against,[UNK]
aggrivate,aggravate,aggravate,aggravate,aggravate,[UNK]
agrandize,aggrandize,aggrandize,agrandize,aggrandise,[UNK]
agressive,aggressive,aggressive,aggressive,aggressive,not
ahmond,almond,almond,almond,almond,ah
air,heir,air,air,air,air
airloom,heirloom,airlock,airloom,air loom,air
airator,aerator,aerator,orator,aerator,unknown
airial,aerial,aerial,aerial,aerial,unknown
ajative,adjective,amative,active,active,[UNK]
ajurnment,adjournment,adjournment,adjournment,adjournment,[UNK]
ajustment,adjustment,adjustment,adjustment,adjustment,omitted
ake,ache,are,are,AK,[UNK]
alcemy,alchemy,alchemy,alley,alchemy,english
alegance,allegiance,elegance,elegance,elegance,e
aleged,alleged,alleged,alleged,alleged,[UNK]
algee,algae,algae,alone,Alger,[UNK]
aline,align,aline,aline,Aline,l
alledge,allege,allege,allege,allege,zero
allegence,allegiance,allegiance,allegiance,allegiance,not
allowence,allowance,allowance,allowance,allowance,[UNK]
allready,already,already,already,already,correct
allright,allright,alright,alright,alright,right
amalgum,amalgam,amalgam,amalgam,amalgam,[UNK]
amatuer,amateur,amateur,amateur,amateur,[UNK]
amatur,amateur,amateur,amateur,amateur,[UNK]
ambadexterous,ambidextrous,ambidextrous,ambadexterous,ambidextrous,[UNK]
amealearate,ameliorate,,amealearate,ameliorate,[UNK]
ameba,amoeba,ameba,area,amoeba,[UNK]
ampatheater,amphitheater,amphitheater,amphitheater,amputate,unknown
analize,analyze,analyze,analyze,analyse,read
analyist,analyst,analyst,analyst,analyst,[UNK]
analyse,analyze,analyze,analyse,analyse,correct
anarkistic,anarchistic,anarchistic,anarkistic,anarchistic,unknown
ancestoral,ancestral,ancestral,ancestral,ancestral,:
ancilliary,ancillary,ancillary,ancilliary,ancillary,[UNK]
aneeling,annealing,kneeling,kneeling,kneeling,[UNK]
animonee,anemone,anemone,animonee,anemone,here
angshus,anxious,angst's,angshus,Angus,[UNK]
angziety,anxiety,anxiety,anxiety,anxiety,[UNK]
anialate,annihilate,animate,animate,animate,[UNK]
anjanew,ingenue,,anjanew,Agnew,[UNK]
annaversery,anniversary,anniversary,anniversary,anniversary,anna
annonomus,anonymous,,annonomus,anonymous,unknown
annoyence,annoyance,annoyance,annoyance,annoyance,[UNK]
anonimus,anonymous,anonymous,anonymous,anonymous,unknown
anomolous,anomalous,anomalous,anomolous,anomalous,correct
anomolee,anomaly,,anomolee,anomaly,[UNK]
anoyed,annoyed,annoyed,annoyed,annoyed,[UNK]
anphibian,amphibian,amphibian,anphibian,amphibian,[UNK]
ansamble,ensemble,assemble,assemble,ensemble,unknown
ansester,ancestor,ancestor,ancestor,ancestor,:
antecedant,antecedent,antecedent,antecedent,antecedent,correct
anticdote,anecdote,antidote,anecdote,antidote,[UNK]
antripanewer,entrepreneur,,antripanewer,atropine,[UNK]
anull,annul,null,null,null,a
anurism,aneurysm,aneurism,aneurysm,aneurysm,[UNK]
anwee,ennui,answer,agwee,an wee,a
aparantly,apparently,apparently,apparently,apparently,here
aparatus,apparatus,apparatus,apparatus,apparatus,latin
apartide,apartheid,partied,partite,apatite,used
appature,aperture,aperture,aperture,aperture,[UNK]
apauled,appalled,hauled,paused,appalled,omitted
apihelion,aphelion,aphelion,apihelion,aphelion,r
aplikay,appliqué,palikar,aplikay,apelike,[UNK]
apocraful,apocryphal,,apocraful,apocryphal,latin
apollstree,upholstery,,apollstree,pollster,unknown
apologise,apologize,apologize,apologise,apologise,[UNK]
apologised,apologized,apologized,apologise,apologised,omitted
apyoon,uppugn,spoon,spoon,apron,[UNK]
apostrafy,apostrophe,apostasy,apostrafy,apostasy,[UNK]
appart,apart,apart,apart,apart,[UNK]
appathetic,apathetic,apathetic,apathetic,apathetic,correct
appology,apology,apology,apology,apology,[UNK]
apresheation,appreciation,,apresheation,appreciation,[UNK]
aqueus,aqueous,aqueous,aqueous,aqueous,latin
aquiess,acquiesce,quiets,aquiess,aquas,[UNK]
aquit,acquit,quit,quit,acquit,english
aracnid,arachnid,arachnid,aracnid,arachnid,r
archeology,archaeology,archeology,archeology,archaeology,archaeology
architectual,architectural,architectural,architectural,architectural,architect
ardvark,aardvark,aardvark,ardvark,aardvark,r
areal,aerial,areal,area,areal,r
arguement,argument,argument,argument,argument,[UNK]
arithmatic,arithmetic,arithmetic,arithmetic,arithmetic,omitted
armagedon,armageddon,,armagedon,Armageddon,unknown
armistis,armistice,artists,armistice,armistice,r
armorment,armament,armament,armorment,armament,armor
aroara,aurora,aboard,roar,Aurora,[UNK]
arro,arrow,arrow,arrow,arrow,r
arsnic,arsenic,arsenic,arsenic,arsenic,used
artic,arctic,attic,attic,Attic,art
aspestus,asbestos,aspects,aspects,aspects,latin
assemalate,assimilate,assimilate,assimilate,assimilate,[UNK]
assfalt,asphalt,assault,assault,asphalt,alt
assimtote,asymptote,,assimtote,assimilate,[UNK]
assma,asthma,ass,assume,Assam,[UNK]
assymetric,asymmetric,asymmetric,assymetric,asymmetric,[UNK]
astarisk,asterisk,asterisk,asterisk,asterisk,[UNK]
astrix,asterisk,strip,austria,asterisk,[UNK]
astroid,asteroid,astroid,mastoid,asteroid,[UNK]
asumtotic,asymptotic,asymptotic,asumtotic,asymptotic,used
aswage,assuage,swage,passage,as wage,[UNK]
ate,eight,ate,ate,ate,eat
aterny,attorney,artery,artery,Attn,[UNK]
austair,austere,sustain,austria,astir,unknown
austeer,austere,austere,austere,austere,unknown
austensibly,ostensibly,ostensibly,ostensibly,ostensibly,correct
autotorium,auditorium,auditorium,autotorium,auditorium,dead
autum,autumn,autumn,autumn,Autumn,latin
auxilary,auxiliary,auxiliary,axillary,auxiliary,unknown
auxillary,auxiliary,auxiliary,axillary,auxiliary,[UNK]
avacado,avocado,avocado,avacado,avocado,[UNK]
azma,asthma,agma,alma,AMA,az
azmith,azimuth,admit,admit,azimuth,here
bachler,bachelor,bachelor,bachelor,bachelor,bach
backaloriette,baccalaureate,,backaloriette,baccalaureate,:
badmitten,badminton,admitted,admitted,bad mitten,bad
balaster,baluster,blaster,balashev,blaster,blank
balona,bologna,along,along,baling,[UNK]
balony,baloney,balcony,balcony,baloney,unknown
bangquit,banquet,banquet,banquet,bang quit,[UNK]
bankrupcy,bankruptcy,bankruptcy,bankruptcy,bankruptcy,bank
bannet,bayonet,banned,banner,banner,[UNK]
baray,beret,bray,karay,Bray,[UNK]
bargin,bargain,bargain,margin,bargain,[UNK]
baroke,baroque,broke,broke,broke,[UNK]
batchleur,bachelor,,batchleur,bachelor,[UNK]
bayge,beige,badge,badge,badge,[UNK]
bayliwick,bailiwick,bailiwick,bayliwick,bailiwick,unknown
bazare,bazaar,bazar,bare,bizarre,[UNK]
bazare,bizarre,bazar,bare,bizarre,[UNK]
bazerk,berserk,bark,baker,bark,[UNK]
beastiary,bestiary,bestiary,beastiary,bestiary,beast
beauquet,bouquet,banquet,beausset,bouquet,c
beauracratic,bureaucratic,,beauracratic,bureaucratic,c
becuz,because,begun,begun,becks,[UNK]
behavoral,behavioral,behavioral,behavoral,behavioural,[UNK]
behaviour,behavior,behavior,behaviour,behaviour,behaviour
behavour,behavior,behavior,behaviour,behaviour,[UNK]
beleave,believe,bereave,leave,believe,[UNK]
belye,belie,belle,belle,belie,[UNK]
benge,binge,beige,bence,beige,e
benifit,benefit,benefit,benefit,benefit,ben
benine,benign,benin,being,Bennie,benin
benj,binge,bend,bent,Ben,j
bilt,built,bit,bill,bolt,[UNK]
biscut,biscuit,biscuit,biscuit,biscuit,missing
bivouacing,bivouacking,bivouacking,bivouacking,bivouacking,[UNK]
bivwack,bivouac,bipack,bivwack,bivouac,[UNK]
biyou,bayou,bayou,bijou,bayou,[UNK]
bizness,business,bigness,witness,bigness,[UNK]
blosum,blossom,bloom,bosom,blossom,b
boganveelia,bougainvillea,,boganveelia,bougainvillea,[UNK]
booda,Buddha,good,good,booed,boo
booe,buoy,book,bone,boor,boo
boofay,buffet,booty,booty,boo fay,boo
boorjwazee,bourgeoisie,,boorjwazee,bookcase,[UNK]
booteek,boutique,bootee,booted,bootee,j
boquet,bouquet,bouquet,bouquet,bouquet,b
borgwasy,bourgeoisie,,borgwasy,Borges,[UNK]
boundry,boundary,boundary,boundary,boundary,missing
bouy,buoy,buy,body,buoy,[UNK]
bowkay,bouquet,okay,okay,okay,[UNK]
boyant,buoyant,buoyant,buoyant,buoyant,j
boycot,boycott,boycott,boycott,boycott,c
brazeer,brassiere,brazier,brazier,brazer,[UNK]
breef,brief,brief,brief,breed,[UNK]
brocher,brochure,brother,brother,brioche,blank
brocolee,broccoli,bricole,brocolee,broccoli,[UNK]
broge,brogue,broke,broke,brogue,e
brooz,bruise,broom,brook,brood,c
bruse,bruise,brush,brush,bruise,[UNK]
brusk,brusque,brusk,brush,brisk,[UNK]
buda,Buddha,bud,buds,buds,bud
bullevard,boulevard,boulevard,boulevard,boulevard,unknown
bullyan,bouillon,bully,pullman,bullying,[UNK]
bunji,bungee,bunch,bunch,bunk,[UNK]
burbon,bourbon,bourbon,bourbon,Bourbon,unknown
burjun,burgeon,burn,burn,bur jun,[UNK]
buro,bureau,burn,burn,Biro,[UNK]
burzwah,bourgeois,,burzwah,Bursa,[UNK]
busness,business,business,business,business,[UNK]
butiful,beautiful,dutiful,dutiful,dutiful,here
byast,biased,blast,beast,bast,by
bycicle,bicycle,bicycle,bicycle,bicycle,[UNK]
cabnet,cabinet,cabinet,cabinet,cabinet,[UNK]
cachup,catchup,catchup,cactus,cache,c
cockateel,cockatiel,cockateel,cockateel,cockatiel,cock
cacoon,cocoon,cocoon,cannon,cocoon,c
caese,cease,case,case,cease,italian
caf,calf,can,can,cafe,c
cafay,cafe,away,away,cafe,[UNK]
cafine,caffeine,canine,fine,caffeine,caf
caldesack,cul-de-sac,,caldesack,Calder's,[UNK]
calfes,calves,calves,calves,cafes,[UNK]
calfs,calves,calfs,calls,calf's,calf
calliflower,cauliflower,cauliflower,cauliflower,cauliflower,unknown
callis,callus,calls,calls,callus,latin
camelion,chameleon,chameleon,camelia,came lion,[UNK]
camoflage,camouflage,camouflage,camoflage,camouflage,[UNK]
campain,campaign,campaign,campaign,campaign,french
canabel,cannibal,capable,canal,Anabel,c
canabelyze,cannibalize,,canabelyze,canalise,[UNK]
canew,canoe,cane,anew,cane,[UNK]
canidate,candidate,candidate,candidate,candidate,unknown
cannabile,cannibal,cantabile,cannabile,cantabile,unknown
cantalope,cantaloupe,cantaloupe,cantalope,cantaloupe,[UNK]
canye,canaille,cane,cane,cane,[UNK]
capter,captor,chapter,chapter,chapter,unknown
captian,captain,captain,captain,Capetian,english
captin,captain,captain,captain,captain,capt
caraboo,caribou,carabao,carbon,caribou,[UNK]
caraff,carafe,carafe,caraffe,carafe,[UNK]
carcus,carcass,circus,caucus,caucus,latin
carnavor,carnivore,carnivore,carnivora,carnivora,unknown
carosel,carousel,carousel,arose,carousel,[UNK]
carrage,carriage,carriage,carriage,carriage,unknown
carrear,career,arrear,career,Carrier,unknown
cartledge,cartilage,cartridge,cartridge,cart ledge,[UNK]
casarole,casserole,casserole,casarole,casserole,casa
cassim,chasm,cassia,classic,Cassie,[UNK]
cataclism,cataclysm,cataclysm,cataclysm,cataclysm,[UNK]
catagory,category,category,category,category,[UNK]
catapiller,caterpillar,,catapiller,Caterpillar,unknown
catastrofy,catastrophe,,catastrofy,catastrophe,cat
catchip,ketchup,catchup,catch,cat chip,[UNK]
cavren,cavern,cavern,cavern,cavern,unknown
ceaser,caesar,cease,ceased,cease,void
cellabration,celebration,celebration,celebration,celebration,omitted
celler,cellar,cellar,cellar,cellar,cell
cemetary,cemetery,cemetery,cemetery,cemetery,[UNK]
centenal,sentinel,central,central,centennial,latin
centerfuge,centrifuge,centrifuge,centerfuge,centrifuge,[UNK]
centrafuge,centrifuge,centrifuge,centrafuge,centrifuge,[UNK]
cercomstance,circumstance,circumstance,circumstance,circumstance,[UNK]
civalazation,civilization,civilization,civilization,civilisation,c
champain,champagne,champaign,campaign,Champlain,champ
chandeleer,chandelier,chandelier,chandelier,chandelier,[UNK]
charizma,charisma,charisma,charizma,charisma,[UNK]
chartroose,chartreuse,chartreuse,chartroose,chartreuse,[UNK]
chassy,chassis,classy,class,Chase,[UNK]
chawk,chalk,chalk,chalk,hawk,[UNK]
cheatta,cheetah,cheat,cheat,cheat,[UNK]
cheeta,cheetah,cheetah,cheetah,cheetah,[UNK]
chello,cello,hello,hello,cello,[UNK]
chimmeny,chimney,chimney,chimney,chimney,[UNK]
chisle,chisel,chisel,chisel,chisel,[UNK]
chizzel,chisel,chisel,chisel,chisel,[UNK]
chochka,tchotchke,chock,chochka,chock,[UNK]
chocolot,chocolate,chocolate,chocolate,chocolate,[UNK]
ciotee,coyote,cited,cited,cite,[UNK]
circit,circuit,circuit,circuit,circuit,:
ciriculum,curriculum,curriculum,curriculum,curriculum,latin
clairvoiant,clairvoyant,clairvoyant,clairvoiant,clairvoyant,english
clammer,clamber,clammer,clamber,clammier,[UNK]
clammer,clamor,clammer,clamber,clammier,[UNK]
claravoyant,clairvoyant,clairvoyant,claravoyant,clairvoyant,[UNK]
clearstory,clerestory,clearstory,clearstory,clear story,not
cleeshay,cliché,,cleeshay,clash,[UNK]
cloisonay,cloisonné,cloison,cloisonay,cloisonne,[UNK]
cloreen,chlorine,colleen,cloreen,Coleen,[UNK]
coaless,coalesce,confess,confess,coals,[UNK]
coalessense,coalescence,coalescence,coalescence,coalescence,[UNK]
codeen,codeine,codein,codein,codeine,code
coersion,coercion,coercion,coercion,coercion,error
cogniscent,cognizant,cognoscente,cogniscent,cognoscente,[UNK]
cohabitating,cohabiting,cohabitation,cohabitating,cohabitation,:
cokes,coax,cokes,comes,cokes,coke
colaboration,collaboration,collaboration,collaboration,collaboration,omitted
coleeg,colleague,college,college,college,c
colera,cholera,cholera,cholera,cholera,cole
colleage,colleague,college,college,colleague,[UNK]
collegate,collegiate,collegiate,collegiate,collegiate,[UNK]
collender,colander,cullender,callender,colander,unknown
collocweall,colloquial,,collocweall,colloquially,[UNK]
collone,cologne,colone,colonel,Collin,[UNK]
colum,column,column,column,column,col
come,comb,come,come,come,come
comfterble,comfortable,,comfterble,comfortable,used
comerant,cormorant,covenant,covenant,cormorant,here
comission,commission,commission,commission,commission,error
commedian,comedian,comedian,comedian,comedian,english
commision,commission,commission,commission,commission,error
committment,commitment,commitment,commitment,commitment,murder
comotion,commotion,commotion,commotion,commotion,omitted
communikay,communiqué,community,community,community,[UNK]
compeat,compete,compleat,compact,compete,[UNK]
competative,competitive,competitive,competitive,competitive,not
complextion,complexion,completion,complexion,complexion,omitted
concatinate,concatenate,concatenate,concatinatae,concatenate,correct
conceet,conceit,concept,concept,concert,[UNK]
concensus,consensus,consensus,consensus,consensus,latin
conceous,conscious,concerns,conscious,conscious,correct
conchance,conscience,,conchance,con chance,[UNK]
conchus,conscious,conch's,concur,conchs,unknown
concider,consider,consider,consider,conciser,unknown
concur,conquer,concur,concur,concur,correct
condem,condemn,condemn,condemn,condemn,[UNK]
confety,confetti,confess,confess,confetti,[UNK]
conosuer,connoisseur,conquer,conquer,consumer,[UNK]
conotation,connotation,connotation,consolation,connotation,:
conseat,conceit,consent,consent,consent,[UNK]
consevible,conceivable,conservable,consevible,conceivable,unknown
consistant,consistent,consistent,consistent,consistent,omitted
contagen,contagion,contain,contain,contagion,unknown
continuem,continuum,continue,continued,continue,[UNK]
continuely,continually,continue,continued,continually,omitted
contracter,contractor,contracted,contracted,contractor,contract
contry,country,country,country,country,:
convaless,convalesce,convalesce,convaless,convalesce,death
convense,convince,converse,converse,convenes,read
conyak,cognac,conga,sonya,con yak,[UNK]
coo,coup,coo,too,coo,co
cooger,cougar,cooler,cooper,cooker,unknown
cookoo,cuckoo,cook,cook,Cook,cook
coolot,culottes,cool,clot,Colt,cool
coordanate,coordinate,coordinate,coordinate,coordinate,[UNK]
corale,chorale,coral,coral,coracle,coral
cordoroy,corduroy,corduroy,cordoroy,corduroy,[UNK]
coregated,corrugated,created,created,corrugated,omitted
corellation,correlation,corelation,correlation,correlation,unknown
cornel,colonel,cornel,corner,Cornell,john
correllate,correlate,correlate,correllate,correlate,[UNK]
correlasion,correlation,correlation,correlation,correlation,omitted
correograph,choreograph,choreograph,correograph,choreograph,omitted
corispond,correspond,correspond,correspond,correspond,[UNK]
corse,course,corse,course,coarse,[UNK]
corus,chorus,chorus,corps,Corvus,[UNK]
counterfit,counterfeit,counterfeit,counteract,counterfeit,:
councel,council,council,council,council,[UNK]
counciler,councilor,councilor,councilor,council,council
counsil,counsel,council,council,council,[UNK]
cramugin,curmudgeon,,cramugin,cramming,[UNK]
cratashous,cretaceous,,cratashous,Cretaceous,latin
creasoat,creosote,,creasoat,Crest,[UNK]
creater,creator,create,greater,Crater,[UNK]
cresent,crescent,present,present,crescent,:
cresh,creche,fresh,fresh,crash,[UNK]
crewsant,croissant,crewman,crewsant,crews ant,unknown
criteak,critique,creak,creak,creak,[UNK]
critisize,criticize,criticize,criticize,criticise,[UNK]
critque,critique,critique,critique,critique,c
croshet,crochet,crochet,crossed,crochet,[UNK]
croch,crotch,crotch,crouch,crotch,c
crockadile,crocodile,crocodile,crockadile,crocodile,[UNK]
cronological,chronological,chronological,chronological,chronological,written
crooz,cruise,crook,room,crook,[UNK]
crowkay,croquet,crowbar,crowkay,croaky,crow
crowshay,crochet,crossway,crossway,crow shay,[UNK]
crucifiction,crucifixion,crucifixion,crucifiction,Crucifixion,omitted
cruze,cruise,crude,crude,Cruz,cruz
cubburd,cupboard,,cubburd,cubed,[UNK]
cummulative,cumulative,cumulative,cumulative,cumulative,[UNK]
cumpus,compass,campus,lupus,campus,latin
cuple,couple,couple,couple,couple,cup
curage,courage,courage,courage,courage,[UNK]
curiocity,curiosity,curiosity,curiosity,curiosity,unknown
curios,curious,curios,curious,curios,[UNK]
curiousity,curiosity,curiosity,curiosity,curiosity,curious
curnel,colonel,cornel,turned,Cornell,[UNK]
curtesy,courtesy,courtesy,courtesy,courtesy,[UNK]
curteus,courteous,curious,curious,courteous,unknown
curvasious,curvaceous,curvacious,curvasious,curvaceous,latin
cushin,cushion,cushion,tushin,cushion,[UNK]
cusine,cuisine,cuisine,cousine,cuisine,[UNK]
dabree,debris,dare,degree,darer,[UNK]
dabue,debut,daube,table,dauber,[UNK]
dackery,daiquiri,hackery,lackey,decry,[UNK]
dalmation,dalmatian,dalmatian,salvation,Dalmatian,[UNK]
dam,damn,dam,dam,dam,dam
darma,dharma,drama,drama,drama,[UNK]
daspora,diaspora,diaspora,disport,Diaspora,[UNK]
daybue,debut,maybe,danube,dauber,[UNK]
decern,discern,decern,desert,discern,correct
deciple,disciple,decile,decide,disciple,[UNK]
decission,decision,decision,decision,decision,error
deductable,deductible,deductible,deductible,deductible,correct
deepo,depot,deep,deep,deep,no
deezil,diesel,devil,devil,dozily,[UNK]
defenately,definitely,definitely,definitely,definitely,[UNK]
definately,definitely,definitely,definitely,definitely,correct
defineable,definable,definable,defineable,definable,used
defishant,deficient,defiant,defiant,defiant,[UNK]
delimeter,delimiter,decimeter,deliverer,delimiter,[UNK]
delimma,dilemma,dilemma,dilemma,dilemma,[UNK]
delt,dealt,felt,felt,Delta,del
demagog,demagogue,demagog,demagog,demagogy,[UNK]
demolishon,demolition,demolition,demolished,demolishing,blank
dependancy,dependency,dependancy,dependency,dependency,unknown
dependant,dependent,dependant,dependent,dependant,used
derageable,dirigible,damageable,derageable,damageable,unknown
deriair,derriere,despair,despair,drear,[UNK]
derth,dearth,death,death,dearth,r
descize,disguise,decide,desire,decide,[UNK]
desided,decided,decided,decided,decided,[UNK]
desireable,desirable,desirable,desirable,desirable,desire
desision,decision,decision,decision,decision,no
deskys,disguise,desks,desk,desks,p
desolve,dissolve,resolve,resolve,devolve,used
dessication,desiccation,destination,destination,desiccation,[UNK]
deterant,deterrent,veteran,veterans,deterrent,deter
determin,determine,determine,determine,determine,[UNK]
detur,detour,detour,deter,detour,det
deturance,deterrence,petulance,petulance,durance,caution
develope,develop,developed,develop,developer,e
developement,development,development,development,development,:
devestating,devastating,devastating,devastating,devastating,missing
dezert,dessert,desert,desert,desert,blank
diagnol,diagonal,diagnose,diagnose,diagonal,[UNK]
diaspra,diaspora,diaspora,diaspra,Diaspora,[UNK]
dialate,dilate,dilate,dilate,dilate,[UNK]
diarea,diarrhea,dare,area,Dare,[UNK]
dicipline,discipline,discipline,discipline,discipline,[UNK]
dicision,decision,decision,division,division,[UNK]
dicotomy,dichotomy,dichotomy,dichotomy,dichotomy,[UNK]
dieing,dying,dining,dining,dieting,die
diferent,different,different,different,different,used
differant,different,different,different,different,omitted
dimand,diamond,demand,demand,demand,dim
dingee,dinghy,dinged,dinner,dingier,[UNK]
dioreha,diarrhea,diorama,dioreha,diorama,[UNK]
diptheria,diphtheria,diphtheria,diphtheria,diphtheria,unknown
dipthong,diphthong,diphthong,dipthong,diphthong,[UNK]
disapait,dissipate,dispart,disapait,dissipate,[UNK]
disappline,discipline,disappoint,discipline,discipline,used
disapointed,disappointed,disappointed,disappointed,disappointed,missing
discimenation,dissemination,discrimination,discrimination,dissemination,[UNK]
discotek,discotheque,discover,discover,discoed,[UNK]
discoteque,discotheque,discotheque,discoteque,discotheque,[UNK]
discription,description,description,description,description,omitted
discusting,disgusting,disgusting,discussing,disgusting,:
disection,dissection,direction,direction,dissection,used
disertation,dissertation,dissertation,disertation,dissertation,used
disfunctional,dysfunctional,dysfunctional,disfunctional,dysfunctional,bold
divet,divot,dive,diet,divert,[UNK]
dockson,dachshund,docks,dickson,Dickson,docks
docsund,dachshund,jocund,docsund,tocsins,doc
doctorial,doctoral,doctoral,doctorial,doctoral,doctor
donejun,dungeon,donjon,donejun,done jun,done
doorjam,doorjamb,doorjamb,doorway,doorjamb,door
dorment,dormant,torment,torment,dormant,omitted
dosseay,dossier,dossal,ossea,Dorsey,[UNK]
doublely,doubly,double,double,doublet,missing
dout,doubt,out,out,doubt,[UNK]
droping,dropping,dropping,dropping,drooping,dropping
drowt,drought,drown,drown,drown,[UNK]
duble,double,double,double,double,dub
dum,dumb,due,dum,dim,du
eary,eerie,easy,mary,aery,ear
eazy,easy,easy,easy,easy,[UNK]
eczecutive,executive,executive,executive,executive,omitted
edeycat,etiquette,,edeycat,educate,unknown
editting,editing,editing,editing,editing,used
eeger,eager,eager,eager,eager,e
eejus,aegis,fetus,jesus,ekes,ee
elagant,elegant,elegant,elegant,elegant,[UNK]
elamentry,elementary,elementary,elementary,elementary,[UNK]
electorial,electoral,electoral,electoral,electoral,blank
embalance,imbalance,imbalance,balance,imbalance,incorrect
embaress,embarrass,embarrass,empress,embarrass,[UNK]
embarrasing,embarrassing,embarrassing,embarrassing,embarrassing,[UNK]
embeded,embedded,embedded,embedded,embedded,omitted
embrio,embryo,embryo,embryo,embryo,e
emense,immense,sense,sense,omens,[UNK]
empass,impasse,pass,pass,impasse,incorrect
emperial,imperial,imperial,imperial,imperial,omitted
empressed,impressed,impressed,expressed,empresses,omitted
encompus,encompass,encompass,encompass,encompass,used
endever,endeavor,never,never,endive,end
endur,endure,endure,endure,endue,r
enormass,enormous,enormous,enormous,enormous,[UNK]
entent,intent,intent,extent,entente,omitted
enterance,entrance,entrance,entrance,entrance,enter
enthuseastic,enthusiastic,enthusiastic,enthusiastic,enthusiastic,correct
entrapeneur,entrepreneur,entrepreneur,entrapeneur,entrepreneur,omitted
enuf,enough,end,end,Enif,[UNK]
enviroment,environment,environment,environment,environment,unknown
envoke,invoke,invoke,evoke,evoke,[UNK]
epitamy,epitome,epitaxy,epitamy,epitome,omitted
equivalant,equivalent,equivalent,equivalent,equivalent,omitted
escartment,escarpment,escarpment,escartment,escarpment,used
esthetic,aesthetic,esthetic,aesthetic,aesthetic,masculine
estuwarry,estuary,estuary,estuwarry,estuary,[UNK]
etamology,etymology,etymology,etiology,etymology,[UNK]
evesdrop,eavesdrop,eavesdrop,evesdrop,eavesdrop,unknown
eviserate,eviscerate,eviscerate,eviserate,eviscerate,ev
exagerate,exaggerate,exaggerate,exaggerate,exaggerate,correct
examin,examine,examine,examine,examine,blank
excelent,excellent,excellent,excellent,excellent,omitted
excell,excel,excel,except,excel,excel
excitment,excitement,excitement,excitement,excitement,[UNK]
exersize,exercise,exercise,exercise,exercise,correct
exhilerate,exhilarate,exhilarate,exhilerate,exhilarate,correct
exhorbitent,exorbitant,exorbitant,exorbitant,exorbitant,correct
exilerate,exhilarate,exonerate,exilerate,exile rate,[UNK]
existance,existence,existence,existence,existence,unknown
exort,exhort,export,export,exhort,correct
expatriot,expatriate,patriot,patriot,expatriate,english
explination,explanation,explanation,explanation,explanation,christ
exstacy,ecstasy,eustacy,ecstasy,Ecstasy,error
exstream,extreme,stream,stream,ex stream,used
extatic,ecstatic,exotic,ecstatic,ecstatic,omitted
extention,extension,extension,extension,extension,unknown
extrodinary,extraordinary,extraordinary,extraordinary,extraordinary,unknown
exurpt,excerpt,except,except,expat,omitted
ezdrop,eavesdrop,drop,drop,entropy,[UNK]
fairoh,pharaoh,fair,faith,faro,no
falt,fault,felt,felt,flat,f
famly,family,family,family,family,[UNK]
fane,feign,fane,face,Dane,fan
fariar,farrier,friar,friar,friar,unknown
farmasudical,pharmaceutical,,farmasudical,pharmaceutical,unknown
farse,farce,false,false,fares,[UNK]
faseeshus,facetious,,faseeshus,facetious,[UNK]
fasen,fasten,fasten,fasten,fasten,[UNK]
fasend,fastened,friend,friend,fa send,[UNK]
fashism,fascism,fascism,fashion,fascism,[UNK]
fashon,fashion,fashion,fashion,fashion,[UNK]
fasodd,facade,fasted,fasted,fast,r
fassinate,fascinate,fascinate,fascinate,fascinate,[UNK]
fatig,fatigue,fating,fig,fating,[UNK]
favritt,favorite,favorite,favorite,favourite,[UNK]
faymus,famous,famous,famous,famous,unknown
feasabile,feasible,feasible,feasible,feasible,e
feasable,feasible,feasible,feasible,feasible,missing
febuary,february,rebury,february,February,unknown
felisatus,felicitous,,felisatus,felicitous,latin
feonsay,fiancée,,feonsay,fens,[UNK]
fertil,fertile,fertile,fertile,fertile,[UNK]
fewd,feud,few,few,feed,d
fewg,fugue,few,few,few,g
fewsha,fuchsia,geisha,fewsha,fish,no
fezent,pheasant,feet,feet,decent,hungarian
ficks,fix,picks,licks,fucks,here
fillay,fillet,filly,filled,filly,[UNK]
fillement,filament,filament,filament,filament,blank
filo,phyllo,filo,fill,filo,e
finess,finesse,finest,finest,finesse,[UNK]
finness,finesse,fitness,fitness,fineness,finn
firey,fiery,fire,fire,fiery,fire
fizeek,physique,fizzed,fizeek,Fisk,[UNK]
flem,phlegm,flew,flew,fem,[UNK]
flewant,fluent,elegant,elegant,flew ant,unknown
flexable,flexible,flexible,flexible,flexible,used
floatation,flotation,floatation,flotation,flotation,float
floresent,fluorescent,florescent,floresent,florescent,omitted
floride,fluoride,fluoride,florida,fluoride,used
flud,flood,fled,fluid,fluid,[UNK]
focusses,focuses,focusses,focused,focuses,used
fonetic,phonetic,tonetic,poetic,phonetic,correct
forbatum,verbatim,,forbatum,verbatim,latin
forceably,forcibly,forcibly,forcibly,forcibly,:
forfit,forfeit,forfeit,forfeit,forfeit,[UNK]
forhead,forehead,forehead,forehead,forehead,c
forin,foreign,florin,for,florin,n
forman,foreman,formal,formal,Foreman,[UNK]
formulayic,formulaic,formulaic,formulayic,formulaic,[UNK]
fourty,forty,fourth,forty,forty,c
frew-frew,frou-frou,,few-few,free,[UNK]
fullfill,fulfill,fulfill,fulfill,fulfil,full
funrel,funeral,funnel,funnel,funeral,[UNK]
fusha,fuchsia,push,rush,fish,[UNK]
futal,futile,fatal,fatal,fatal,[UNK]
gage,gauge,gage,gage,Gage,gage
gagit,gadget,gait,gait,gait,[UNK]
gard,guard,hard,hard,guard,g
garentee,guarantee,guarantee,guarantee,grantee,[UNK]
gargoil,gargoyle,garboil,gargoil,gargoyle,[UNK]
garilla,guerrilla,gorilla,gorilla,gorilla,:
gastly,ghastly,ghastly,lastly,ghastly,gas
gayity,gaiety,gayety,cavity,gaiety,gay
gaysha,geisha,gays,masha,gash,[UNK]
geeoteen,guillotine,,geeoteen,gotten,dutch
geneology,genealogy,genealogy,geology,genealogy,gene
generaly,generally,general,general,generally,general
genuin,genuine,genuine,genuine,genuine,unknown
geraff,giraffe,graft,graft,giraffe,blank
gerilla,guerrilla,gorilla,gorilla,gorilla,[UNK]
gess,guess,guess,less,guess,[UNK]
getoe,ghetto,get,get,geode,[UNK]
gilotine,guillotine,nicotine,gilotine,guillotine,[UNK]
gilty,guilty,guilty,guilty,guilty,unknown
ginee,guinea,give,give,Ginger,gin
gingam,gingham,gingham,ingram,gingham,[UNK]
giser,geyser,wiser,wiser,guise,blank
gitar,guitar,guitar,guitar,guitar,[UNK]
glyserin,glycerin,glycerin,glycerin,glycerine,[UNK]
gool,ghoul,good,good,Gogol,goo
gord,gourd,good,good,gird,go
gormay,gourmet,normal,german,Gamay,[UNK]
gorry,gory,sorry,sorry,Gorey,[UNK]
gost,ghost,got,most,ghost,go
gotee,goatee,goatee,got,goatee,[UNK]
goverment,government,government,government,government,omitted
govoner,governor,sooner,sooner,govern,[UNK]
grainery,granary,trainer,granary,granary,[UNK]
grammer,grammar,grammar,grammar,crammer,[UNK]
grandize,aggrandize,granite,grandee,grandiose,[UNK]
grandeeos,grandiose,grandee's,grandees,grandees,[UNK]
granjure,grandeur,granule,granjure,grange,[UNK]
greatful,grateful,grateful,dreadful,grateful,great
groosome,gruesome,gruesome,gruesome,gruesome,here
groosum,gruesome,groom,groom,groom,[UNK]
groshury,grocery,,groshury,grocery,[UNK]
groth,growth,growth,growth,growth,thor
growtesk,grotesque,growths,growths,grottoes,[UNK]
guage,gauge,gauge,gage,gauge,[UNK]
gubnatorial,gubernatorial,gubernatorial,gubnatorial,gubernatorial,[UNK]
guyzer,geyser,buyer,gunner,gazer,guy
gwava,guava,guava,gave,guava,[UNK]
gymnist,gymnast,gymnast,gymnist,gymnast,[UNK]
hagas,haggis,hags,has,hags,[UNK]
hallaluja,hallelujah,hallelujah,hallaluja,hallelujah,unknown
hallaluya,hallelujah,,hallaluya,hallelujah,[UNK]
hankerchif,handkerchief,handkerchief,handkerchief,handkerchief,blank
hansome,handsome,handsome,handsome,handsome,:
harrang,harangue,arrange,arrange,arrange,unknown
harrass,harass,harass,harness,harass,[UNK]
harth,hearth,earth,earth,hearth,hart
hauty,haughty,hasty,hasty,Hutu,[UNK]
haynus,heinous,hands,hands,Haynes,unknown
hefer,heifer,refer,refer,heifer,r
hemorage,hemorrhage,hemorrhage,hemorage,haemorrhage,[UNK]
henderence,hindrance,,henderence,hindrance,[UNK]
hevy,heavy,heavy,heavy,heavy,he
hieght,height,height,height,height,[UNK]
hiena,hyena,hyena,vienna,henna,[UNK]
hietus,hiatus,hiatus,hints,hiatus,latin
him,hymn,him,him,him,him
hirearcy,hierarchy,hierarchy,hierarchy,hierarchy,[UNK]
hist,heist,his,his,hist,not
histry,history,history,history,history,his
hoeks,hoax,hooks,hooks,hokes,dutch
hollowcost,holocaust,hollowest,hollowcost,hollow cost,missing
homogenity,homogeneity,homogeneity,homogenity,homogeneity,homo
hootsba,chutzpah,hoots,hootsba,hoots,[UNK]
horrable,horrible,horrible,horrible,horrible,unknown
huricane,hurricane,hurricane,hurricane,hurricane,[UNK]
huristic,heuristic,heuristic,huristic,heuristic,latin
hurse,hearse,horse,horse,horse,[UNK]
hussel,hustle,mussel,vessel,Husserl,[UNK]
hydrolics,hydraulics,hydraulics,hydraulics,hydraulics,[UNK]
hygene,hygiene,hygiene,helene,hygiene,[UNK]
hygenic,hygienic,hygienic,hygienic,hygienic,h
hyperboly,hyperbole,hyperbole,hyperboly,hyperbola,[UNK]
icesickle,icicle,,icesickle,ice sickle,ice
ideosincracy,idiosyncrasy,,ideosincracy,idiosyncrasy,democracy
igzort,exhort,ignore,import,Igor's,[UNK]
iland,island,land,land,inland,[UNK]
ileagle,illegal,league,league,illegal,[UNK]
ilegle,illegal,liege,ilegle,illegal,[UNK]
illigitament,illegitimate,,illigitament,allotment,[UNK]
illistrate,illustrate,illustrate,illustrate,illustrate,[UNK]
imbaress,embarrass,impress,impress,embarrass,[UNK]
imbrase,embrace,embrace,embrace,umbras,[UNK]
imediately,immediately,immediately,immediately,immediately,[UNK]
imfamus,infamous,infamous,infamous,infamous,unknown
imigrate,immigrate,migrate,migrate,immigrate,[UNK]
immediatly,immediately,immediately,immediately,immediately,english
immenantly,eminently,imminently,immenantly,immanently,here
impeed,impede,impede,impeded,impede,unknown
impune,impugn,immune,immune,impinge,unknown
inbankment,embankment,embankment,embankment,embankment,omitted
inbrase,embrace,increase,increase,increase,[UNK]
inbrio,embryo,inbred,inbrio,INRI,latin
inconsistant,inconsistent,inconsistent,inconsistent,inconsistent,incorrect
incompasitate,incapacitate,,incompasitate,incapacitate,incorrect
indescriminent,indiscriminate,,indescriminent,indiscriminate,omitted
indever,endeavor,indexer,never,indexer,ind
indite,indict,indite,invite,indite,ind
individule,individual,individual,individual,individual,omitted
indure,endure,endure,endure,insure,ind
inferrable,inferable,inferrable,inferrable,conferrable,unknown
infintesimal,infinitesimal,infinitesimal,infinitesimal,infinitesimal,[UNK]
inflamation,inflammation,inflammation,inflammation,inflammation,[UNK]
inheratance,inheritance,inheritance,inheritance,inheritance,[UNK]
innoculate,inoculate,inoculate,inoculated,inoculate,correct
innosense,innocence,nonsense,nonsense,innocence,unknown
insepsion,inception,insertion,insertion,inception,[UNK]
instanciation,instantiation,instantiation,instanciation,instantiating,[UNK]
instanseation,instantiation,instantiation,instanseation,installation,[UNK]
insturment,instrument,instrument,instrument,instrument,[UNK]
insue,ensue,issue,issue,insure,[UNK]
inteligable,intelligible,ineligible,intelligible,intelligible,correct
inteligance,intelligence,intelligence,intelligence,intelligence,english
intercollegate,intercollegiate,intercollegiate,intercollegate,intercollegiate,used
interfear,interfere,interfere,interfere,inter fear,:
interferance,interference,interference,interference,interference,[UNK]
interrum,interim,interrupt,interrupt,interim,omitted
interupt,interrupt,interrupt,interrupt,interrupt,used
inticement,enticement,enticement,indictment,enticement,[UNK]
intreeg,intrigue,inbreed,entree,entree,[UNK]
intrest,interest,interest,interest,interest,unknown
intuative,intuitive,intuitive,initiative,intuitive,omitted
inturpratasion,interpretation,,inturpratasion,interpretation,[UNK]
inturprett,interpret,interpret,interpret,interpret,[UNK]
invokation,invocation,invocation,invitation,invocation,[UNK]
isle,aisle,isle,isle,isle,isle
ismas,isthmus,ism's,ideas,isms,##mas
jagid,jagged,said,said,jagged,[UNK]
jagwar,jaguar,jaguar,agar,Jaguar,[UNK]
jalusey,jalousie,causey,jalusey,jalousie,[UNK]
jelous,jealous,jealous,jealous,jealous,[UNK]
jelusey,jealousy,jersey,jersey,Kelsey,[UNK]
jepordize,jeopardize,jeopardize,jepordize,jeopardise,[UNK]
jewl,jewel,jewel,jewel,Jewel,jew
jodpers,jodhpurs,coppers,gompers,dopers,[UNK]
jossle,jostle,jostle,jostle,jostle,j
journy,journey,journey,journey,journey,[UNK]
judgement,judgment,judgement,judgement,judgement,judgment
jurnal,journal,journal,journal,journal,[UNK]
jurny,journey,jury,jury,jury,j
kackie,khaki,hackie,katie,Jackie,[UNK]
kalidescope,kaleidoscope,kaleidoscope,kalidescope,kaleidoscope,[UNK]
karisma,charisma,karma,karisma,Krista,kari
keesh,quiche,keep,fresh,Keisha,[UNK]
kernul,colonel,kernel,vernal,kernel,[UNK]
keyosk,kiosk,keys,keys,kayos,key
kibutz,kibbutz,kibbutz,kibutz,kibbutz,[UNK]
kidknap,kidnap,kidnap,kidnap,kidnap,[UNK]
kighbosh,kibosh,kibosh,kighbosh,kibosh,[UNK]
kimerra,chimera,sierra,kimerra,camera,[UNK]
kindergarden,kindergarten,kindergarten,kindergarden,kindergarten,[UNK]
kiyack,kayak,kick,kick,kayak,[UNK]
knockous,noxious,knockout,knocks,knockouts,knock
knowlegable,knowledgeable,knowledgeable,knowlegable,knowledgeable,unknown
knowlege,knowledge,knowledge,knowledge,knowledge,unknown
kookoo,cuckoo,koodoo,koko,kook,[UNK]
koolot,culottes,kolo,koolot,jolt,[UNK]
kresh,crèche,fresh,fresh,fresh,k
kronicle,chronicle,chronicle,chronicle,chronicle,k
kwuzine,cuisine,,kwuzine,Wezen,[UNK]
kyebosh,kibosh,kibosh,kyebosh,kibosh,[UNK]
lable,label,able,table,label,lab
labratory,laboratory,laboratory,laboratory,laboratory,correct
labrynth,labyrinth,labyrinth,labyrinth,labyrinth,here
lackrimose,lachrymose,lachrymose,lackrimose,lachrymose,missing
lacker,lacquer,lacker,lacked,lackey,blank
laf,laugh,law,law,leaf,l
lama,llama,lama,lamp,lama,lama
lambast,lambaste,lambast,lambs,lambaste,[UNK]
langerie,lingerie,lingerie,langeron,lingerie,[UNK]
langerray,lingerie,,langerray,Langley,[UNK]
layrinks,larynx,latrines,latrines,lay rinks,[UNK]
larinx,larynx,larynx,larynx,Latinx,r
larvay,larvae,larvae,larvae,larva,[UNK]
larvy,larvae,larva,larry,larva,[UNK]
lasonya,lasagna,,sonya,Latonya,[UNK]
layed,laid,played,played,flayed,laid
leaneant,lenient,leanest,leaneant,lenient,j
leasure,leisure,pleasure,pleasure,leisure,[UNK]
leeg,league,leg,leg,leg,lee
leegun,legion,begun,begun,lee gun,unknown
leesure,leisure,leisure,leisure,leisure,lee
legionair,legionnaire,legionnaire,legionair,legion air,legion
lemosine,limousine,limousine,leonine,limousine,[UNK]
lepard,leopard,leopard,leopard,leopard,j
lepracan,leprechaun,,lepracan,leprechaun,unknown
leprachan,leprechaun,leprechaun,leprachan,leprechaun,[UNK]
lepracy,leporsy,legacy,leprosy,leprosy,[UNK]
leutenant,lieutenant,lieutenant,lieutenant,lieutenant,[UNK]
lew,lieu,let,new,Lew,lew
lewchemia,leukemia,,leucaemia,leeches,unknown
lewow,luau,low,low,Lowe,lew
lewtenant,lieutenant,lieutenant,lieutenant,lieutenant,not
liason,liaison,liaison,liaison,liaison,[UNK]
licker,liquor,licker,licked,locker,lick
lightening,lightning,lightening,lightning,lightening,light
ligitamassy,legitimacy,,ligitamassy,legitimacy,[UNK]
ligitamate,legitimate,legitimate,legitimate,legitimate,[UNK]
likeable,likable,likeable,liable,likeable,perfect
likelyhood,likelihood,likelihood,likelihood,likelihood,no
limosine,limousine,limousine,limosine,limousine,c
lite,light,lite,like,lite,lit
liturature,literature,literature,literature,literature,omitted
loath,loathe,loath,loath,loath,not
lood,lewd,good,good,loos,here
lozonya,lasagna,loony,lozonya,Latonya,[UNK]
lugage,luggage,luggage,luggage,luggage,[UNK]
lushis,luscious,lush's,tushin,lush's,[UNK]
macack,macaque,macaco,mack,Mack,mac
macason,moccasin,macaroni,jackson,moccasin,mac
machettie,machete,machete,machettie,machete,[UNK]
mailstrum,maelstrom,maelstrom,mailstrum,maelstrom,q
maintainance,maintenance,maintenance,maintenance,maintenance,[UNK]
maintenence,maintenance,maintenance,maintenance,maintenance,[UNK]
maline,malign,marine,saline,Malone,pierre
malless,malice,mallets,mallets,mallets,[UNK]
mamento,memento,memento,memento,memento,e
mamuth,mammoth,mouth,mouth,mammoth,[UNK]
manaise,mayonnaise,malaise,malaise,manias,mana
manaze,mayonnaise,manage,manage,manse,mana
manetain,maintain,maintain,maintain,maintain,[UNK]
manikin,mannequin,manikin,mankind,manikin,english
mantain,maintain,maintain,maintain,maintain,unknown
manuver,maneuver,maneuver,maneuver,manure,[UNK]
markey,marquee,market,marked,market,mark
marrage,marriage,marriage,marriage,marriage,[UNK]
marshall,marshal,marshall,marshall,Marshall,marshall
marshmellow,marshmallow,marshmallow,marshmellow,marshmallow,strawberry
marter,martyr,matter,matter,matter,:
masakist,masochist,,masakist,muskiest,[UNK]
mashetty,machete,,pashette,mashed,[UNK]
masia,messiah,mafia,masha,Masai,[UNK]
masicer,massacre,master,master,masers,[UNK]
maskeraid,masquerade,,maskeraid,masker aid,[UNK]
masiff,massif,mastiff,mastiff,mastiff,[UNK]
masstif,mastiff,massif,mastiff,massif,[UNK]
massectomy,mastectomy,mastectomy,massectomy,mastectomy,surgery
massewer,masseur,masseter,masseter,mas sewer,[UNK]
massoose,masseuse,masseuse,massoose,masseuse,[UNK]
matinay,matinee,mainly,mainly,Martina,[UNK]
mawsoleum,mausoleum,mausoleum,mawsoleum,mausoleum,[UNK]
mayonase,mayonnaise,mayonnaise,mayonnaise,mayonnaise,mayo
meerly,merely,merely,merely,merely,[UNK]
merecat,meerkat,erect,erect,mere cat,unknown
mecanical,mechanical,mechanical,mechanical,mechanical,english
meccob,macabre,mecca,meccob,McCoy,[UNK]
meddo,meadow,eddo,muddy,med,med
medifor,metaphor,editor,editor,modifier,[UNK]
medioker,mediocre,mediocre,medioker,mediocre,[UNK]
medisinal,medicinal,medicinal,medicinal,medicinal,unknown
medow,meadow,meadow,meadow,meadow,e
mealflur,millefleur,,mealflur,manful,[UNK]
melancoly,melancholy,melancholy,melancholy,melancholy,[UNK]
melineum,millennium,perineum,perineum,melanoma,latin
memmick,mimic,gimmick,memmick,mimic,here
memwars,memoirs,members,members,memoirs,[UNK]
mension,mention,mention,mention,mansion,[UNK]
menus,menace,menus,venus,menus,menu
meraj,mirage,mean,mean,Merak,[UNK]
merang,meringue,mean,means,me rang,[UNK]
meskeeto,mosquito,,meskeeto,musket,[UNK]
mesoneen,mezzanine,,mesoneen,meson,[UNK]
mesure,measure,measure,measure,measure,here
metalic,metallic,metallic,metallic,metallic,metal
mezmorize,mesmerize,memorize,mezmorize,memorise,[UNK]
midevil,medieval,devil,devil,mi devil,unknown
mige,midge,mine,mine,midge,[UNK]
milicous,malicious,malicious,malicious,malicious,unknown
milktoast,milquetoast,,milktoast,milk toast,milk
milyew,milieu,mildew,miles,mildew,[UNK]
minature,miniature,miniature,miniature,miniature,[UNK]
miniscule,minuscule,miniscule,miniscule,minuscule,[UNK]
miniture,miniature,miniature,miniature,miniature,[UNK]
minoosha,minutia,,minoosha,Minos,[UNK]
mischevus,mischievous,mischievous,mischievous,mischievous,error
mischieveous,mischievous,mischievous,mischievous,mischievous,incorrect
miselaneous,miscellaneous,miscellaneous,miselaneous,miscellaneous,unknown
mispell,misspell,misspell,spell,misspell,omitted
mispelled,misspelled,misspelled,dispelled,misspelled,used
misquito,mosquito,mosquito,mosquito,mosquito,used
missable,miscible,kissable,miserable,kissable,missing
missle,missile,missile,missile,missile,miss
missletow,mistletoe,mistletoe,missletow,mistletoe,[UNK]
missunderstood,misunderstood,misunderstood,misunderstood,misunderstood,missing
misteek,mystique,mistake,mistake,mistake,[UNK]
mistery,mystery,mystery,mystery,Mister,mister
mistic,mystic,mystic,mystic,mastic,mist
monarkey,monarchy,monkey,monarchy,monkey,[UNK]
montaj,montage,months,months,montage,[UNK]
monthes,months,months,months,months,:
morgage,mortgage,mortgage,mortgage,mortgage,[UNK]
morg,morgue,more,more,org,mor
morter,mortar,mortar,porter,mortar,mort
moteef,motif,mother,mother,motif,[UNK]
murr,myrrh,burr,burr,mire,r
mussil,muscle,mussel,russia,mussel,[UNK]
mustash,mustache,stash,mustache,mu stash,[UNK]
mystrow,maestro,misthrow,mystrow,mys trow,unknown
napom,napalm,nap,nap,nap om,[UNK]
narled,gnarled,nailed,snarled,gnarled,[UNK]
nastalgea,nostalgia,nostalgia,nastalgea,nostalgia,[UNK]
nastershum,nasturtium,,nastershum,nasturtium,[UNK]
nawseous,nauseous,nauseous,caseous,nauseous,[UNK]
nawshus,nauseous,,nawshus,Nash's,[UNK]
naybor,neighbor,mayor,labor,nab,[UNK]
neccessary,necessary,necessary,necessary,necessary,[UNK]
necessarally,necessarily,necessarily,necessarily,necessarily,[UNK]
neether,neither,neither,neither,nether,:
neral,neural,neral,general,neural,ne
nerative,narrative,negative,negative,narrative,[UNK]
nervana,nirvana,nirvana,servant,Nirvana,[UNK]
nestolgia,nostalgia,nostalgia,nestolgia,nostalgia,[UNK]
neumonic,mnemonic,pneumonic,pneumonia,mnemonic,english
newance,nuance,enhance,enhance,nuance,new
newmatic,pneumatic,nematic,newmatic,pneumatic,used
newmonia,pneumonia,pneumonia,pneumonia,pneumonia,unknown
newsans,nuisance,newsman,newlands,new sans,news
niether,neither,neither,neither,neither,[UNK]
nieve,naive,niece,niece,Nieves,n
nieveatay,naivete,,nieveatay,naivety,[UNK]
nife,knife,life,life,knife,[UNK]
nimph,nymph,nymph,lymph,nymph,[UNK]
ninty,ninety,ninth,ninth,ninety,[UNK]
nitch,niche,bitch,pitch,notch,[UNK]
nite,night,nite,note,note,n
nome,gnome,come,some,Nome,no
noteable,notable,notable,notable,notable,missing
noticable,noticeable,noticeable,noticeable,noticeable,unknown
notoreous,notorious,notorious,notorious,notorious,not
nnovisheate,novitiate,,nnovisheate,novitiate,[UNK]
nusance,nuisance,nuisance,nuisance,nuisance,[UNK]
nutral,neutral,neutral,neutral,neutral,[UNK]
nutrieous,nutritious,nutrients,nutrieous,notorious,[UNK]
oaker,ocher,maker,baker,ocker,oak
obation,ovation,ovation,oration,oblation,[UNK]
obay,obey,okay,obey,bay,[UNK]
obleek,oblique,bleed,bleed,ob leek,[UNK]
oblisk,obelisk,obelisk,bliss,obelisk,[UNK]
ocapella,acappella,canella,ocapella,Capella,[UNK]
occassion,occasion,occasion,occasion,occasion,omitted
occation,occasion,occasion,occasion,occasion,[UNK]
occured,occurred,occurred,occurred,occurred,omitted
occurrance,occurrence,occurrence,occurrence,occurrence,unknown
occurence,occurrence,occurrence,occurrence,occurrence,used
occuring,occurring,occurring,occuring,occurring,missing
ocilate,oscillate,opiate,dilate,oscillate,omitted
octive,octave,active,active,active,omitted
odasee,odyssey,oases,odasee,odes,[UNK]
offen,often,offer,often,offend,e
offically,officially,officially,officially,officially,used
offisianado,aficionado,,offisianado,officiant,[UNK]
oger,ogre,over,over,goer,og
omage,homage,image,image,image,om
omaj,homage,oman,may,Maj,om
omlet,omelet,omelet,omelet,owlet,om
omnishints,omniscience,,omnishints,omniscient,[UNK]
onomonopea,onomatopoeia,,onomonopea,onomatopoeia,[UNK]
onwee,ennui,one,one,on wee,here
opayk,opaque,pay,pay,opaque,[UNK]
opinyon,opinion,opinion,opinion,pinyon,unknown
oportunity,opportunity,opportunity,opportunity,opportunity,error
orangatang,orangutan,orangutang,orangatang,orangutan,[UNK]
orcestrate,orchestrate,orchestrate,orcestrate,orchestrate,[UNK]
oregeno,oregano,oregano,oregon,oregano,[UNK]
oricle,oracle,oracle,oracle,Oracle,[UNK]
orkid,orchid,worked,rid,irked,[UNK]
oscilliscope,oscilloscope,oscilloscope,oscilliscope,oscilloscope,[UNK]
ostridge,ostrich,stride,stride,astride,[UNK]
osterage,ostrich,fosterage,storage,steerage,[UNK]
overwelm,overwhelm,overwhelm,overwhelm,overwhelm,[UNK]
overzelus,overzealous,overzealous,overzelus,overzealous,r
oxzillary,auxiliary,axillary,axillary,maxillary,[UNK]
paculier,peculiar,peculiar,peculiar,peculiar,unknown
pachooly,patchouli,,pachooly,patchily,[UNK]
pagent,pageant,agent,agent,pageant,blank
pairokeal,parochial,,pairokeal,parietal,[UNK]
paradime,paradigm,paradise,paradise,Paradise,[UNK]
paradym,paradigm,parade,parade,paradigm,[UNK]
parafanalia,paraphernalia,,parafanalia,paraphernalia,[UNK]
paralell,parallel,parallel,parallel,parallel,para
parallell,parallel,parallel,parallel,parallel,omitted
parameter,perimeter,parameter,parameter,parameter,parameter
parana,piranha,parang,panama,Parana,parana
paranoya,paranoia,paranoia,paranoya,paranoia,[UNK]
paraphanalia,paraphernalia,paraphernalia,paraphanalia,paraphernalia,unknown
parfay,parfait,parlay,party,parlay,[UNK]
paria,pariah,para,paris,Praia,unknown
parkay,parquet,parlay,party,parkway,park
parlament,parliament,parliament,parliament,Parliament,omitted
parralell,parallel,parallel,parallel,parallel,unknown
parrallell,parallel,parallel,parallel,parallel,r
parshally,partially,partially,marshall,partially,unknown
paschurize,pasteurize,pasteurize,paschurize,pasteurise,[UNK]
pastery,pastry,pastry,mastery,pastry,paste
peanuckle,pinochle,penuchle,peanuckle,peduncle,[UNK]
pease,peace,pease,peace,please,peas
pedistal,pedestal,pedestal,pedestal,pedestal,[UNK]
peedmont,piedmont,piedmont,piedmont,Piedmont,here
peepel,people,peeped,peeped,peeper,[UNK]
peerowet,pirouette,,peerowet,Perot,:
penatentury,penitentiary,,penatentury,penitentiary,:
pennensula,peninsula,peninsula,peninsula,peninsula,[UNK]
pengwen,penguin,penguin,pengwen,penguin,[UNK]
penwar,peignoir,penal,penza,pen war,pen
perfurd,preferred,perform,perform,perfidy,omitted
perliferate,proliferate,proliferate,proliferate,proliferate,unknown
perogative,prerogative,prerogative,prerogative,prerogative,[UNK]
perseed,precede,pressed,pressed,Perseid,unknown
perserve,preserve,preserve,preserve,preserve,used
persew,pursue,perse,person,parse,p
persistance,persistence,persistence,persistence,persistence,unknown
persistant,persistent,persistent,persistent,persistent,unknown
personel,personnel,personal,personal,personnel,[UNK]
perticipate,participate,participate,participate,participate,[UNK]
pertinate,pertinent,pectinate,terminate,pertained,[UNK]
perview,purview,preview,review,preview,here
pewder,pewter,powder,powder,pewter,[UNK]
pharmasist,pharmacist,pharmacist,pharmasist,pharmacist,[UNK]
pharmasudical,pharmaceutical,,pharmasudical,pharmaceutical,[UNK]
pharoh,pharaoh,pharaoh,harsh,Pharaoh,[UNK]
pharoah,pharaoh,pharaoh,pharoah,Pharaoh,[UNK]
philisophical,philosophical,philosophical,philosophical,philosophical,greek
phlem,phlegm,phlegm,them,phloem,[UNK]
physision,physician,physician,physician,physician,[UNK]
physisist,physicist,physicist,physisist,physicist,[UNK]
picknick,picnic,picnic,picnic,Pickwick,pick
pickyune,picayune,picayune,pickyune,picayune,[UNK]
picnicing,picnicking,picnicking,picnicing,picnicking,missing
picturesk,picturesque,pictures,pictures,pictures,k
pijun,pigeon,pin,pin,piking,[UNK]
pilgram,pilgrim,pilgrim,pilgrim,Pilgrim,[UNK]
pilgramidge,pilgrimage,,pilgramidge,pilgrimage,[UNK]
pilgramig,pilgrimage,,pilgramig,pilgrimage,[UNK]
pilon,pylon,pilot,pilot,pylon,[UNK]
pincher,pinscher,pincher,pinched,puncher,pinch
pirric,Pyrrhic,picnic,picric,prick,unknown
plack,plaque,place,place,Planck,[UNK]
plad,plaid,play,plan,plaid,p
plagerism,plagiarism,plagiarism,plagerism,plagiarism,[UNK]
plattoe,plateau,plate,platon,Platte,unknown
playge,plague,plage,place,plague,[UNK]
playgerise,plagiarize,,playgerise,plagiarise,[UNK]
playright,playwright,playwright,playright,playwright,play
playwrite,playwright,,playwrite,play write,play
plyotropy,pleiotropy,allotropy,plyotropy,Pyotr,[UNK]
pneumonic,mnemonic,pneumonic,pneumonia,pneumonia,greek
pocession,possession,procession,procession,procession,omitted
pointseta,poinsettia,,pointseta,pointiest,used
poinyent,poignant,,poinyent,penitent,omitted
politicing,politicking,politicking,politicians,politicking,:
pollenate,pollinate,pollinate,pollenate,pollinate,[UNK]
polltry,poultry,poultry,poultry,poultry,no
poltry,poultry,poetry,poetry,poultry,unknown
pompay,pompeii,company,company,Pompey,p
poperee,potpourri,powered,poperee,paperer,pope
poriferal,peripheral,,poriferal,peripheral,:
porsalin,porcelain,formalin,formalin,porcelain,[UNK]
portrail,portrayal,portrait,portrait,portrait,port
posistion,position,position,position,position,omitted
pospone,postpone,postpone,postpone,postpone,po
postion,position,position,position,position,omitted
postuminus,posthumous,posturings,postuminus,postman's,latin
postumus,posthumous,costumes,costumes,posthumous,latin
practicianer,practitioner,practitioner,practitioner,practitioner,unknown
prarie,prairie,prairie,prairie,prairie,[UNK]
prayry,prairie,pray,pray,priory,error
preceed,precede,proceed,preceded,precede,omitted
precurser,precursor,precursor,precursor,precursor,unknown
preficiency,proficiency,proficiency,deficiency,proficiency,error
preficient,proficient,proficient,proficient,proficient,correct
preform,perform,preform,reform,preform,used
prehaps,perhaps,perhaps,perhaps,perhaps,correct
prejudgudice,prejudice,,prejudgudice,predicts,unknown
preperation,preparation,preparation,preparation,preparation,omitted
presense,presence,presence,presence,presence,omitted
preshus,precious,press,press,perishes,[UNK]
prestigous,prestigious,prestigious,prestigous,prestigious,latin
primative,primitive,primitive,primitive,primitive,not
primevil,primeval,primeval,primeval,primeval,prime
privaledge,privilege,privilege,privilege,privilege,[UNK]
privlege,privilege,privilege,privilege,privilege,[UNK]
procede,proceed,proceed,proceed,proceed,omitted
prohibative,prohibitive,prohibitive,prohibitive,prohibitive,correct
prolicks,prolix,pricks,prolicks,pro licks,[UNK]
promatory,promontory,predatory,pronator,promontory,unknown
pronounciation,pronunciation,pronunciation,pronunciation,pronunciation,omitted
propogate,propagate,propagate,propagated,propagate,omitted
propriatery,proprietary,proprietary,proprietary,proprietary,[UNK]
proprieter,proprietor,proprietor,proprietor,proprietor,unknown
proteen,protein,protein,protein,preteen,unknown
protocall,protocol,protocol,protocol,protocol,[UNK]
psydonym,pseudonym,pseudonym,psydonym,pseudonym,[UNK]
publically,publicly,publicly,publicly,publicly,used
pumkin,pumpkin,pumpkin,pushkin,pumpkin,[UNK]
pundent,pundit,pungent,pungent,pendent,blank
purtain,pertain,curtain,curtain,pertain,[UNK]
quadraped,quadruped,quadruped,quadraped,quadruped,used
quadroople,quadruple,quadruple,quadroople,quadruple,[UNK]
quafeur,coiffure,quaffer,quaker,quaver,c
quanity,quantity,quality,quantity,quantity,zero
que,queue,due,que,Que,que
questionaire,questionnaire,questionnaire,questionnaire,questionnaire,[UNK]
questionare,questionnaire,questionary,questionable,questionnaire,[UNK]
quire,choir,quire,quire,quire,:
quizs,quizzes,quiz,quits,quiz's,[UNK]
quoshant,quotient,,quoshant,quaint,[UNK]
qwesant,croissant,,weyant,wasn't,q
rabit,rabbit,habit,habit,rabbit,[UNK]
rackit,racket,racket,jacket,racket,[UNK]
racoon,raccoon,racoon,bacon,raccoon,[UNK]
rademtion,redemption,radiation,redemption,redemption,r
radeus,radius,radius,radius,radius,r
randayvoo,rendezvous,,randayvoo,Randy,[UNK]
rapell,rappel,spell,rarely,rappel,rape
rapore,rapport,report,report,rap ore,here
rapsady,rhapsody,rhapsody,rapsady,rhapsody,[UNK]
rasberry,raspberry,raspberry,rasberry,raspberry,[UNK]
ratatoolee,ratatouille,,ratatoolee,ratatouille,[UNK]
reccommend,recommend,recommend,recommend,recommend,correct
receet,receipt,recent,recent,recede,blank
recend,rescind,recent,recent,recent,omitted
receptical,receptacle,,receptical,receptacle,correct
recieve,receive,receive,receive,receive,correct
reconasence,reconnaissance,,reconasence,Renascence,[UNK]
recroot,recruit,redroot,recruit,recruit,correct
recund,reckoned,refund,refund,fecund,omitted
recurrance,recurrence,recurrence,recurrence,recurrence,error
redemtion,redemption,redemption,redemption,redemption,omitted
rediculous,ridiculous,ridiculous,ridiculous,ridiculous,correct
reduceable,reducible,reducible,reduceable,reducible,used
reenforcement,reinforcement,reinforcement,reinforcement,reinforcement,[UNK]
refered,referred,referred,referred,refereed,used
reguardless,regardless,regardless,regardless,regardless,blank
rehersal,rehearsal,rehearsal,reversal,rehearsal,[UNK]
reknown,renown,renown,renown,renown,used
relavant,relevant,relevant,relevant,relevant,r
releaf,relief,release,relief,relief,omitted
relevence,relevance,relevance,relevance,relevance,correct
relevent,relevant,relevant,relevant,relevant,omitted
religeon,religion,religion,religion,religion,r
relm,realm,rely,realm,realm,r
remane,remain,remake,remained,remain,[UNK]
rememberance,remembrance,remembrance,remembrance,remembrance,here
remeniss,reminisce,remiss,remedies,remains,r
reminisent,reminiscent,reminiscent,reminisent,reminiscent,correct
renig,renege,rejig,being,rejig,r
renosance,renaissance,renounce,renounce,Renaissance,[UNK]
renoun,renown,renown,renown,renown,:
repatwar,repertoire,,repatwar,repeater,[UNK]
repell,repel,repel,repeal,respell,not
repertwar,repertoire,,repertwar,repeater,[UNK]
repetoire,repertoire,repertoire,repertoire,repertoire,[UNK]
replentish,replenish,replenish,replentish,replenish,[UNK]
repore,rapport,report,report,report,[UNK]
repost,riposte,report,report,repast,omitted
requeum,requiem,request,request,Requiem,omitted
resivwar,reservoir,,resivwar,reviewer,[UNK]
responsiblity,responsibility,responsibility,responsibility,responsibility,error
resposible,responsible,responsible,responsible,responsible,correct
ressapee,recipe,reshape,ressapee,reshape,[UNK]
restraunt,restaurant,restraint,restraint,restraint,:
rether,rather,rather,rather,Reuther,r
retinew,retinue,review,review,retinue,[UNK]
retoric,rhetoric,rhetoric,rhetoric,rhetoric,latin
retorical,rhetorical,rhetorical,retorical,rhetorical,correct
rhinosarus,rhinoceros,,rhinosarus,rhinovirus,[UNK]
rickoshay,ricochet,rickshaw,rickoshay,rickshaw,[UNK]
riendeer,reindeer,reindeer,render,reindeer,r
rige,ridge,ride,rise,ridge,rig
rimaniss,reminisce,,rimaniss,Romanies,[UNK]
riminicent,reminiscent,reminiscent,riminicent,reminiscent,correct
rinosarus,rhinoceros,dinosaurs,rinosarus,rhinovirus,[UNK]
riskay,risque,risky,risky,risky,[UNK]
rithm,rhythm,with,with,rhythm,[UNK]
rittled,riddled,rattled,rattled,rattled,correct
rondayvoo,rendezvous,,rondayvoo,Ronda,[UNK]
rubarb,rhubarb,rhubarb,suburb,rhubarb,[UNK]
rudimentry,rudimentary,rudimentary,rudiments,rudimentary,[UNK]
rumatic,rheumatic,romantic,traumatic,rheumatic,[UNK]
sabatosh,sabotage,rabatos,sabatosh,sabots,[UNK]
sabatour,saboteur,saboteur,sabatour,saboteur,[UNK]
sacarin,saccharin,savarin,makarin,scaring,latin
sacreligious,sacrilegious,sacrilegious,sacrilegious,sacrilegious,unknown
sacrilegeous,sacrilegious,sacrilegious,sacrilegious,sacrilegious,not
sacrin,saccharin,sacring,sacred,scaring,[UNK]
safty,safety,safety,safety,safety,[UNK]
sammon,salmon,summon,summon,summon,sam
samori,samurai,satori,samoan,satori,[UNK]
samwich,sandwich,sandwich,sandwich,smirch,sam
sanaty,sanity,sanity,senate,sanity,[UNK]
sanwich,sandwich,sandwich,sandwich,sandwich,[UNK]
sapeena,subpoena,saphena,saphena,sapiens,[UNK]
saphire,sapphire,sapphire,sphere,sapphire,[UNK]
sargent,sergeant,argent,sargent,Sargent,sargent
sattellite,satellite,satellite,satellite,satellite,[UNK]
savelt,svelte,save,save,svelte,[UNK]
savere,severe,severe,severe,saver,save
savve,salve,save,save,save,[UNK]
savy,savvy,say,say,Savoy,[UNK]
sawtay,saute,satay,away,satay,[UNK]
scafolding,scaffolding,scaffolding,scaffolding,scaffolding,missing
scenaireo,scenario,scenario,scenario,scenario,latin
scence,sense,scene,science,science,[UNK]
seege,siege,siege,siege,Seeger,see
seez,seize,see,see,see,see
seezure,seizure,seizure,seizure,seizure,[UNK]
segway,segue,seaway,sway,Segway,[UNK]
seige,siege,seize,seize,siege,[UNK]
seina,sienna,seine,spina,Seine,e
senaireo,scenario,,senaireo,scenario,[UNK]
senarreo,scenario,,senarreo,snare,used
sensable,sensible,sensible,sensible,sensible,correct
sentenal,sentinel,sentence,sentence,sentinel,[UNK]
seperate,separate,separate,separate,separate,[UNK]
seplicural,sepulchral,,seplicural,sepulchral,used
seramony,ceremony,ceremony,ceremony,ceremony,[UNK]
seround,surround,around,round,surround,[UNK]
serrebral,cerebral,cerebral,vertebral,cerebral,r
sereous,serious,serious,serious,serous,not
sergun,surgeon,begun,begun,Sargon,[UNK]
sevaral,several,several,several,several,[UNK]
sewdonim,pseudonym,,sewdonim,pseudonym,[UNK]
shandeleer,chandelier,chandelier,chandelier,chandelier,unknown
shaneal,chenille,scandal,scandal,Chanel,no
sharloton,charlatan,shalloon,sharloton,Shelton,unknown
sharraids,charades,,sharraids,shreds,[UNK]
shatow,chateaux,shadow,shadow,shadow,here
shanghi,shanghai,shanghai,shanghi,Shanghai,[UNK]
shepard,shepherd,heard,heard,Shepard,shepard
shepperd,shepherd,shepherd,shepherd,Sheppard,j
shicane,chicane,chicane,shine,chicane,[UNK]
sholder,shoulder,shoulder,shoulder,shoulder,[UNK]
showfer,chauffeur,shower,shower,shower,[UNK]
showvinism,chauvinism,,showvinism,chauvinism,[UNK]
sycology,psychology,mycology,psychology,mycology,unknown
sicinctly,succinctly,succinctly,sicinctly,succinctly,[UNK]
sickamore,sycamore,sycamore,sickamore,sycamore,[UNK]
siduction,seduction,seduction,situation,seduction,omitted
sighrynge,syringe,,sighrynge,grunge,here
sighth,scythe,sight,sight,sight,[UNK]
siguret,cigarette,figure,figure,Sigurd,[UNK]
silabus,syllabus,slabs,syllabus,slabs,latin
sillybus,syllabus,syllabus,syllabus,syllabus,silly
silowet,silhouette,slowed,slower,slowed,blank
simetric,symmetric,dimetric,mimetic,symmetric,unknown
simptum,symptom,symptom,symptom,symptom,[UNK]
sinagog,synagogue,synagog,sinagog,sin agog,[UNK]
singlely,singly,single,single,singularly,missing
sinnic,cynic,picnic,sinner,sonic,english
sirvaylence,surveillance,,sirvaylence,silence,sir
sisser,scissor,sister,sister,sissier,j
sist,cyst,sit,sit,sits,sis
sive,sieve,give,give,sieve,e
sizemology,seismology,,sizemology,seismology,size
sizors,scissors,vizors,sailors,sizes,[UNK]
skitsofrinic,schizophrenic,,skitsofrinic,schizophrenic,[UNK]
skool,school,stool,stool,skoal,[UNK]
skurge,scourge,surge,surge,surge,[UNK]
slewth,sleuth,sleuth,sleuth,sleuth,unknown
slite,sleight,site,spite,SQLite,slit
slooth,sleuth,smooth,smooth,sloth,[UNK]
sodder,solder,sadder,sodden,dodder,[UNK]
sofmore,sophomore,sombre,sombre,sophomore,[UNK]
solatare,solitaire,solitary,solitary,solitaire,[UNK]
soldger,soldier,soldier,soldier,solder,used
solger,soldier,solder,solder,solder,sol
solum,solemn,slum,soul,slum,sol
sooaside,suicide,seaside,seaside,seaside,[UNK]
soodonim,pseudonym,,soodonim,Sodom,[UNK]
soovinneer,souvenir,,soovinneer,spinner,[UNK]
sooit,suet,soot,soot,soot,[UNK]
soop,soup,stop,soon,scoop,[UNK]
sophmore,sophomore,sophomore,sophmore,sophomore,[UNK]
sord,sword,sort,word,sword,here
sould,should,would,would,should,soul
sourbraten,sauerbraten,sauerbraten,sourbraten,subroutine,sour
sovren,sovereign,sovran,seven,sovereign,[UNK]
spacial,spatial,spacial,special,spacial,omitted
spageti,spaghetti,spaghetti,paget,spaghetti,[UNK]
spagnum,sphagnum,sphagnum,sphagnum,sphagnum,unknown
specktor,specter,sector,spectator,speck tor,unknown
speshal,special,special,special,special,[UNK]
spicific,specific,specific,specific,specific,latin
sporatic,sporadic,sporadic,sporadic,sporadic,bold
squirel,squirrel,squirrel,squirrel,squirrel,squire
squirl,squirrel,squirt,squire,squire,[UNK]
stalagtite,stalactite,stalactite,stalactite,stalactite,[UNK]
stawk,stalk,stack,stark,Stark,[UNK]
staulk,stalk,stalk,stalk,stalk,[UNK]
stegnography,steganography,stenography,stegnography,stenography,[UNK]
stocastic,stochastic,stochastic,sarcastic,stochastic,correct
stran,strand,strain,strain,strain,r
stummac,stomach,summat,stummac,sumac,[UNK]
subconchus,subconscious,,subconchus,subconscious,omitted
subtrafuge,subterfuge,subterfuge,subtrafuge,subterfuge,omitted
sucess,success,success,success,success,[UNK]
sucessful,successful,successful,successful,successful,[UNK]
sucessfully,successfully,successfully,successfully,successfully,[UNK]
sucome,succumb,come,some,scum,[UNK]
sucsede,succeed,sucked,succeed,succeed,[UNK]
suffisticated,sophisticated,,suffisticated,sophisticated,omitted
summersalt,somersault,summersault,summersalt,summer salt,[UNK]
supeena,subpoena,subpoena,saphena,supernal,[UNK]
supercede,supersede,supersede,supersede,supersede,not
superceed,supersede,supersede,superseded,supersede,used
superfulous,superfluous,superfluous,superfluous,superfluous,correct
superseeded,superseded,superseded,superseded,superseded,used
suppliment,supplement,supplement,supplement,supplement,[UNK]
supress,suppress,suppress,suppress,suppress,[UNK]
surbert,sherbet,surgery,surgery,sorbet,blank
susseed,secede,sussed,succeed,sussed,[UNK]
suseptable,susceptible,susceptible,susceptible,susceptible,correct
susinct,succinct,suspect,suspect,succinct,omitted
susinkt,succinct,suint,susinkt,succinct,[UNK]
suspision,suspicion,suspicion,suspicion,suspicion,missing
sussinct,succinct,succinct,succinct,succinct,omitted
suttle,subtle,settle,settle,scuttle,[UNK]
suvenear,souvenir,,suvenear,souvenir,[UNK]
svelt,svelte,smelt,smelt,svelte,written
skwalk,squawk,skywalk,walk,skulk,sk
sylibol,syllable,symbol,symbol,symbol,[UNK]
synonomous,synonymous,synonymous,synonymous,synonymous,correct
sysmograph,seismograph,seismograph,sysmograph,seismograph,[UNK]
tabblow,tableau,tallow,tallow,tab blow,tab
tabbaray,taboret,,tabbaray,tabby,[UNK]
tallerable,tolerable,tolerable,tolerable,tolerable,correct
tarmigan,ptarmigan,ptarmigan,tarmigan,ptarmigan,[UNK]
tarpolin,tarpaulin,tarpaulin,tarpolin,tarpaulin,[UNK]
tawk,talk,talk,talk,tack,[UNK]
teatotler,teetotaler,teetotaler,teetotaler,tattler,[UNK]
techneek,technique,,techneek,technique,unknown
technition,technician,technician,technition,technician,unknown
tedeous,tedious,tedious,tedious,tedious,correct
temperary,temporary,temporary,temporary,temporary,[UNK]
tempurture,temperature,temperature,temperature,temperature,[UNK]
temtation,temptation,temptation,temptation,temptation,[UNK]
tendancy,tendency,tendency,tendency,tenancy,[UNK]
teridactyl,pterodactyl,tridactyl,teridactyl,pterodactyl,[UNK]
terific,terrific,terrific,terrific,terrific,[UNK]
ternament,tournament,tournament,testament,tournament,[UNK]
terrable,terrible,terrible,terrible,terrible,terra
theef,thief,thee,thee,thee,[UNK]
theery,theory,theory,theory,theory,here
therapudic,therapeutic,therapeutic,therapeutic,therapeutic,omitted
therby,thereby,thereby,thereby,thereby,[UNK]
therem,theorem,there,there,theorem,here
theves,thieves,thieves,thieves,thieves,the
thier,their,their,their,their,[UNK]
thirtyth,thirtieth,thirty,thirty,thirtieth,thirty
thisle,thistle,thistle,this,thistle,this
thonic,chthonic,tonic,tonic,tonic,greek
thorasic,thoracic,thoracic,thoracic,thoracic,thor
thougth,thought,thought,thought,thought,[UNK]
threshhold,threshold,threshold,threshold,threshold,here
thur,their,tour,thus,Thur,[UNK]
thurough,thorough,through,through,through,[UNK]
thurrow,thorough,throw,thurlow,throw,unknown
tieth,tithe,teeth,teeth,teeth,e
tocksen,toxin,token,token,tocsin,[UNK]
tollerable,tolerable,tolerable,tolerable,tolerable,unknown
tomatoe,tomato,tomato,tomato,tomatoes,[UNK]
tommorow,tomorrow,tomorrow,tomorrow,tomorrow,unknown
toom,tomb,too,room,Tom,here
tork,torque,work,took,York,tor
tortilini,tortellini,tortellini,tortilini,tortellini,unknown
tortise,tortoise,tortoise,tortoise,tortoise,latin
toxen,toxin,token,toxin,oxen,[UNK]
tradgic,tragic,tragic,tragic,tragic,used
tragectory,trajectory,trajectory,trajectory,trajectory,:
trama,trauma,drama,tramp,trauma,[UNK]
transistion,transition,transition,transition,transition,[UNK]
transmision,transmission,transmission,transmission,transmission,[UNK]
transsend,transcend,transcend,transcend,transcend,trans
tressle,trestle,trestle,trestle,trestle,[UNK]
tresure,treasure,treasure,treasure,treasure,[UNK]
trew,true,threw,grew,tree,e
triathalon,triathlon,triathlon,triathalon,triathlon,[UNK]
trignametric,trigonometric,trigonometric,trignametric,trigonometric,used
tringket,trinket,trinket,tringket,trinket,[UNK]
triptick,triptych,triptych,triptick,trip tick,[UNK]
triptish,triptych,trickish,british,triptych,[UNK]
triscadecaphobia,triskaidekaphobia,,triscadecaphobia,triscadecaphobia,unknown
troglodite,troglodyte,troglodyte,troglodite,troglodyte,[UNK]
trolly,trolley,trolly,tolly,trolley,troll
trooso,trousseau,troops,troops,trios,[UNK]
trubador,troubadour,troubadour,trubador,troubadour,unknown
truely,truly,truly,truly,truly,true
truging,trudging,trudging,turning,trudging,[UNK]
trys,tries,try,try,trays,s
tucan,toucan,toucan,than,toucan,[UNK]
tung,tongue,hung,hung,Ting,tung
turain,terrain,train,train,Turin,[UNK]
turkoise,turquoise,tortoise,turkish,turquoise,french
twelth,twelfth,twelfth,twelfth,twelfth,t
unannomus,unanimous,unanimous,unanimous,unanimous,unknown
unduely,unduly,unduly,unduly,unduly,not
unick,eunuch,nick,nick,unpick,[UNK]
unix,eunuchs,unit,unit,UNIX,unix
unlabled,unlabeled,unlabeled,unable,unlabelled,used
untill,until,until,until,until,r
usefull,useful,useful,useful,usefully,[UNK]
usibility,usability,fusibility,visibility,usability,us
uv,of,up,up,UV,uv
vacinate,vaccinate,vaccinate,fascinate,vaccinate,unknown
vacume,vacuum,value,acute,vacuum,[UNK]
vallay,valet,valley,valley,allay,val
vally,valley,valley,valley,valley,val
varient,variant,variant,variant,variant,unknown
varification,verification,verification,ratification,verification,omitted
varmit,varmint,varmint,admit,varmint,[UNK]
vawdville,vaudeville,vaudeville,vawdville,vaudeville,unknown
veamant,vehement,peasant,peasant,Vermont,[UNK]
vegitarion,vegetarian,vegetarian,vegetation,vegetarian,[UNK]
vegtable,vegetable,vegetable,vegetable,vegetable,unknown
veicle,vehicle,vehicle,vehicle,vehicle,[UNK]
vengence,vengeance,vengeance,vengeance,vengeance,[UNK]
ventillate,ventilate,ventilate,ventilate,ventilate,[UNK]
venyet,vignette,vent,velvet,vent,[UNK]
veragated,variegated,derogated,veragated,variegated,omitted
verbage,verbiage,verbiage,average,verbiage,[UNK]
verbatum,verbatim,verbatim,verbatim,verbatim,latin
verchew,virtue,perched,virchow,vetch,blank
veriasion,variation,version,version,variation,[UNK]
vermen,vermin,vermin,german,vermin,blank
vermillion,vermilion,vermillion,vermillion,vermilion,unknown
vermuth,vermouth,vermouth,vermuth,vermouth,blank
versital,versatile,vertical,vertical,vestal,[UNK]
versitle,versatile,versicle,vesicle,versatile,[UNK]
vertabray,vertebrae,vertebrae,vertebrae,vertebra,[UNK]
vetinarian,veterinarian,veterinarian,vetinarian,veterinarian,latin
vetran,veteran,veteran,veteran,veteran,[UNK]
victum,victim,victim,victim,victim,latin
vigilanty,vigilante,vigilante,vigilant,vigilantly,unknown
villan,villain,villain,villain,villain,unknown
vinal,vinyl,final,final,vial,vin
vinigar,vinegar,vinegar,vinegar,vinegar,vin
vinigarette,vinaigrette,vinegarette,vinaigrette,vinaigrette,[UNK]
vinyet,vignette,violet,vincent,vineyard,vin
viralence,virulence,virulence,virulence,virulence,unknown
viseral,visceral,visceral,visceral,visceral,:
visheate,vitiate,,visheate,vitiate,[UNK]
vishus,vicious,viscus,wishes,viscus,s
visualisation,visualization,visualization,visualisation,visualisation,[UNK]
volentier,volunteer,volunteer,volunteer,volunteer,[UNK]
voyouristic,voyeuristic,voyeuristic,voyouristic,voyeuristic,english
vunrable,vulnerable,unable,unable,venerable,[UNK]
weerd,weird,weird,weed,weed,blank
weev,weave,week,week,wee,[UNK]
welp,whelp,help,well,whelp,here
wensday,wednesday,weekday,wednesday,wens day,english
weppon,weapon,weapon,weapon,weapon,[UNK]
wezzal,weasel,weal,weal,weal,[UNK]
whereever,wherever,wherever,wherever,wherever,here
wholely,wholly,wholly,wholly,wholly,missing
wich,which,with,with,which,german
wierd,weird,weird,wired,weird,blank
wildebeast,wildebeest,wildebeest,wildebeast,wildebeest,wilde
wimmen,women,women,women,women,german
wisper,whisper,whisper,whisper,whisper,unknown
wissle,whistle,issue,tissue,Wiesel,[UNK]
withdrawl,withdrawal,withdraw,withdrawn,withdrawal,[UNK]
wonderous,wondrous,wondrous,ponderous,wondrous,wonder
wonce,once,once,once,wince,[UNK]
woud,would,would,would,would,[UNK]
wressel,wrestle,tressel,vessel,Russel,[UNK]
writeable,writable,writeable,writeable,writable,used
wryth,writhe,wrath,wrath,wrath,unknown
yamaka,yarmulke,kamala,yamaka,Yamaha,[UNK]
yello,yellow,hello,yellow,yellow,[UNK]
yoman,yeoman,woman,woman,yeoman,[UNK]
yot,yacht,you,not,tot,[UNK]
youforic,euphoric,,youforic,euphoric,you
youlogy,eulogy,eulogy,zoology,you logy,you
youthinasia,euthanasia,,youthinasia,euthanasia,[UNK]
yuforic,euphoric,,yuforic,euphoric,[UNK]
zar,czar,car,war,Zara,z
zefer,zephyr,refer,refer,defer,[UNK]
zellot,zealot,zealot,fellow,zealot,not
zink,zinc,pink,pink,ink,z
zookeenee,zucchini,zookeeper,zookeenee,zookeeper,[UNK]
zylophone,xylophone,xylophone,zylophone,xylophone,[UNK]
